[{"model": "web.movie", "pk": 1, "fields": {"title": "Toy Story (1995)", "genre": "Animation|Adventure|Comedy", "movie_logo": "Toy Story (1995).jpg"}}, {"model": "web.movie", "pk": 2, "fields": {"title": "Jumanji (1995)", "genre": "Action|Adventure|Family", "movie_logo": "Jumanji (1995).jpg"}}, {"model": "web.movie", "pk": 3, "fields": {"title": "Grumpier Old Men (1995)", "genre": "Comedy|Romance", "movie_logo": "Grumpier Old Men (1995).jpg"}}, {"model": "web.movie", "pk": 4, "fields": {"title": "Waiting to Exhale (1995)", "genre": "Comedy|Drama|Romance", "movie_logo": "Waiting to Exhale (1995).jpg"}}, {"model": "web.movie", "pk": 5, "fields": {"title": "Father of the Bride Part II (1995)", "genre": "Comedy|Family|Romance", "movie_logo": "Father of the Bride Part II (1995).jpg"}}, {"model": "web.movie", "pk": 6, "fields": {"title": "Heat (1995)", "genre": "Action|Crime|Drama", "movie_logo": "Heat (1995).jpg"}}, {"model": "web.movie", "pk": 7, "fields": {"title": "Sabrina (1995)", "genre": "Comedy|Drama", "movie_logo": "Sabrina (1995).jpg"}}, {"model": "web.movie", "pk": 8, "fields": {"title": "Sudden Death (1995)", "genre": "Action|Crime|Thriller", "movie_logo": "Sudden Death (1995).jpg"}}, {"model": "web.movie", "pk": 9, "fields": {"title": "GoldenEye (1995)", "genre": "Action|Adventure|Thriller", "movie_logo": "GoldenEye (1995).jpg"}}, {"model": "web.movie", "pk": 10, "fields": {"title": "The American President (1995)", "genre": "Comedy|Drama|Romance", "movie_logo": "The American President (1995).jpg"}}, {"model": "web.movie", "pk": 11, "fields": {"title": "Dracula: Dead and Loving It (1995)", "genre": "Comedy|Fantasy|Horror", "movie_logo": "Dracula: Dead and Loving It (1995).jpg"}}, {"model": "web.movie", "pk": 12, "fields": {"title": "Balto (1995)", "genre": "Animation|Adventure|Drama", "movie_logo": "Balto (1995).jpg"}}, {"model": "web.movie", "pk": 13, "fields": {"title": "Nixon (1995)", "genre": "Biography|Drama|History", "movie_logo": "Nixon (1995).jpg"}}, {"model": "web.movie", "pk": 14, "fields": {"title": "Cutthroat Island (1995)", "genre": "Action|Adventure|Comedy", "movie_logo": "Cutthroat Island (1995).jpg"}}, {"model": "web.movie", "pk": 15, "fields": {"title": "Casino (1995)", "genre": "Crime|Drama", "movie_logo": "Casino (1995).jpg"}}, {"model": "web.movie", "pk": 16, "fields": {"title": "Sense and Sensibility (1995)", "genre": "Drama|Romance", "movie_logo": "Sense and Sensibility (1995).jpg"}}, {"model": "web.movie", "pk": 17, "fields": {"title": "Four Rooms (1995)", "genre": "Comedy", "movie_logo": "Four Rooms (1995).jpg"}}, {"model": "web.movie", "pk": 18, "fields": {"title": "Ace Ventura: When Nature Calls (1995)", "genre": "Adventure|Comedy|Crime", "movie_logo": "Ace Ventura: When Nature Calls (1995).jpg"}}, {"model": "web.movie", "pk": 19, "fields": {"title": "Money Train (1995)", "genre": "Action|Comedy|Crime", "movie_logo": "Money Train (1995).jpg"}}, {"model": "web.movie", "pk": 20, "fields": {"title": "Get Shorty (1995)", "genre": "Comedy|Crime|Thriller", "movie_logo": "Get Shorty (1995).jpg"}}, {"model": "web.movie", "pk": 21, "fields": {"title": "Copycat (1995)", "genre": "Crime|Drama|Mystery", "movie_logo": "Copycat (1995).jpg"}}, {"model": "web.movie", "pk": 22, "fields": {"title": "Assassins (1995)", "genre": "Action|Crime|Thriller", "movie_logo": "Assassins (1995).jpg"}}, {"model": "web.movie", "pk": 23, "fields": {"title": "Powder (1995)", "genre": "Drama|Fantasy|Mystery", "movie_logo": "Powder (1995).jpg"}}, {"model": "web.movie", "pk": 24, "fields": {"title": "Leaving Las Vegas (1995)", "genre": "Drama|Romance", "movie_logo": "Leaving Las Vegas (1995).jpg"}}, {"model": "web.movie", "pk": 25, "fields": {"title": "Othello (1995)", "genre": "Drama|Romance", "movie_logo": "Othello (1995).jpg"}}, {"model": "web.movie", "pk": 26, "fields": {"title": "Now and Then (1995)", "genre": "Comedy|Drama|Romance", "movie_logo": "Now and Then (1995).jpg"}}, {"model": "web.movie", "pk": 27, "fields": {"title": "Persuasion", "genre": "Drama", "movie_logo": "Persuasion.jpg"}}, {"model": "web.movie", "pk": 28, "fields": {"title": "The City of Lost Children (1995)", "genre": "Fantasy|Sci-Fi", "movie_logo": "The City of Lost Children (1995).jpg"}}, {"model": "web.movie", "pk": 29, "fields": {"title": "Yao a yao, yao dao wai po qiao (1995)", "genre": "Crime|Drama|Romance", "movie_logo": "Yao a yao, yao dao wai po qiao (1995).jpg"}}, {"model": "web.movie", "pk": 30, "fields": {"title": "Dangerous Minds (1995)", "genre": "Biography|Drama", "movie_logo": "Dangerous Minds (1995).jpg"}}, {"model": "web.movie", "pk": 31, "fields": {"title": "Twelve Monkeys (1995)", "genre": "Mystery|Sci-Fi|Thriller", "movie_logo": "Twelve Monkeys (1995).jpg"}}, {"model": "web.movie", "pk": 32, "fields": {"title": "Wings of Courage (1995)", "genre": "Adventure|Romance", "movie_logo": "Wings of Courage (1995).jpg"}}, {"model": "web.movie", "pk": 33, "fields": {"title": "Babe (1995)", "genre": "Comedy|Drama|Family", "movie_logo": "Babe (1995).jpg"}}, {"model": "web.movie", "pk": 34, "fields": {"title": "Carrington (1995)", "genre": "Biography|Drama|Romance", "movie_logo": "Carrington (1995).jpg"}}, {"model": "web.movie", "pk": 35, "fields": {"title": "Dead Man Walking (1995)", "genre": "Crime|Drama", "movie_logo": "Dead Man Walking (1995).jpg"}}, {"model": "web.movie", "pk": 36, "fields": {"title": "Across the Sea of Time (1995)", "genre": "Adventure|Drama|Family", "movie_logo": "Across the Sea of Time (1995).jpg"}}, {"model": "web.movie", "pk": 37, "fields": {"title": "It Takes Two (1995)", "genre": "Comedy|Family|Romance", "movie_logo": "It Takes Two (1995).jpg"}}, {"model": "web.movie", "pk": 38, "fields": {"title": "Clueless (1995)", "genre": "Comedy|Romance", "movie_logo": "Clueless (1995).jpg"}}, {"model": "web.movie", "pk": 39, "fields": {"title": "Cry, the Beloved Country (1995)", "genre": "Drama|Thriller", "movie_logo": "Cry, the Beloved Country (1995).jpg"}}, {"model": "web.movie", "pk": 40, "fields": {"title": "Richard III (1995)", "genre": "Drama|War", "movie_logo": "Richard III (1995).jpg"}}, {"model": "web.movie", "pk": 41, "fields": {"title": "Dead Presidents (1995)", "genre": "Action|Crime|Drama", "movie_logo": "Dead Presidents (1995).jpg"}}, {"model": "web.movie", "pk": 42, "fields": {"title": "Restoration (1995)", "genre": "Biography|Drama|History", "movie_logo": "Restoration (1995).jpg"}}, {"model": "web.movie", "pk": 43, "fields": {"title": "Mortal Kombat (1995)", "genre": "Action|Adventure|Fantasy", "movie_logo": "Mortal Kombat (1995).jpg"}}, {"model": "web.movie", "pk": 44, "fields": {"title": "To Die For (1995)", "genre": "Comedy|Crime|Drama", "movie_logo": "To Die For (1995).jpg"}}, {"model": "web.movie", "pk": 45, "fields": {"title": "How to Make an American Quilt (1995)", "genre": "Comedy|Drama|Romance", "movie_logo": "How to Make an American Quilt (1995).jpg"}}, {"model": "web.movie", "pk": 46, "fields": {"title": "Se7en (1995)", "genre": "Crime|Drama|Mystery", "movie_logo": "Se7en (1995).jpg"}}, {"model": "web.movie", "pk": 47, "fields": {"title": "Pocahontas (1995)", "genre": "Animation|Adventure|Drama", "movie_logo": "Pocahontas (1995).jpg"}}, {"model": "web.movie", "pk": 48, "fields": {"title": "When Night Is Falling (1995)", "genre": "Drama|Romance", "movie_logo": "When Night Is Falling (1995).jpg"}}, {"model": "web.movie", "pk": 49, "fields": {"title": "The Usual Suspects (1995)", "genre": "Crime|Drama|Mystery", "movie_logo": "The Usual Suspects (1995).jpg"}}, {"model": "web.movie", "pk": 50, "fields": {"title": "Mighty Aphrodite (1995)", "genre": "Comedy|Fantasy|Romance", "movie_logo": "Mighty Aphrodite (1995).jpg"}}, {"model": "web.movie", "pk": 51, "fields": {"title": "Lamerica (1994)", "genre": "Drama", "movie_logo": "Lamerica (1994).jpg"}}, {"model": "web.movie", "pk": 52, "fields": {"title": "Georgia (1995)", "genre": "Drama|Music", "movie_logo": "Georgia (1995).jpg"}}, {"model": "web.movie", "pk": 53, "fields": {"title": "Kids of the Round Table (1995)", "genre": "Adventure|Comedy|Family", "movie_logo": "Kids of the Round Table (1995).jpg"}}, {"model": "web.movie", "pk": 54, "fields": {"title": "Home for the Holidays (1995)", "genre": "Comedy|Drama|Romance", "movie_logo": "Home for the Holidays (1995).jpg"}}, {"model": "web.movie", "pk": 55, "fields": {"title": "Il Postino: The Postman (1994)", "genre": "Biography|Comedy|Drama", "movie_logo": "Il Postino: The Postman (1994).jpg"}}, {"model": "web.movie", "pk": 56, "fields": {"title": "Le confessionnal (1995)", "genre": "Drama|Mystery|Thriller", "movie_logo": "Le confessionnal (1995).jpg"}}, {"model": "web.movie", "pk": 57, "fields": {"title": "The Indian in the Cupboard (1995)", "genre": "Drama|Family|Fantasy", "movie_logo": "The Indian in the Cupboard (1995).jpg"}}, {"model": "web.movie", "pk": 58, "fields": {"title": "Eye for an Eye (1996)", "genre": "Crime|Drama|Thriller", "movie_logo": "Eye for an Eye (1996).jpg"}}, {"model": "web.movie", "pk": 59, "fields": {"title": "Mr. Holland's Opus (1995)", "genre": "Drama|Music", "movie_logo": "Mr. Holland's Opus (1995).jpg"}}, {"model": "web.movie", "pk": 60, "fields": {"title": "Don't Be a Menace to South Central While Drinking Your Juice in the Hood (1996)", "genre": "Comedy|Crime", "movie_logo": "Don't Be a Menace to South Central While Drinking Your Juice in the Hood (1996).jpg"}}, {"model": "web.movie", "pk": 61, "fields": {"title": "Two If by Sea (1996)", "genre": "Comedy|Crime|Romance", "movie_logo": "Two If by Sea (1996).jpg"}}, {"model": "web.movie", "pk": 62, "fields": {"title": "Bio-Dome (1996)", "genre": "Comedy", "movie_logo": "Bio-Dome (1996).jpg"}}, {"model": "web.movie", "pk": 63, "fields": {"title": "Lawnmower Man 2: Beyond Cyberspace (1996)", "genre": "Action|Sci-Fi|Thriller", "movie_logo": "Lawnmower Man 2: Beyond Cyberspace (1996).jpg"}}, {"model": "web.movie", "pk": 64, "fields": {"title": "Two Bits (1995)", "genre": "Drama", "movie_logo": "Two Bits (1995).jpg"}}, {"model": "web.movie", "pk": 65, "fields": {"title": "French Twist (1995)", "genre": "Comedy", "movie_logo": "French Twist (1995).jpg"}}, {"model": "web.movie", "pk": 66, "fields": {"title": "Friday (1995)", "genre": "Comedy|Drama", "movie_logo": "Friday (1995).jpg"}}, {"model": "web.movie", "pk": 67, "fields": {"title": "From Dusk Till Dawn (1996)", "genre": "Action|Crime|Horror", "movie_logo": "From Dusk Till Dawn (1996).jpg"}}, {"model": "web.movie", "pk": 68, "fields": {"title": "Kicking and Screaming (1995)", "genre": "Comedy|Drama|Romance", "movie_logo": "Kicking and Screaming (1995).jpg"}}, {"model": "web.movie", "pk": 69, "fields": {"title": "Bed of Roses (1996)", "genre": "Romance|Drama", "movie_logo": "Bed of Roses (1996).jpg"}}, {"model": "web.movie", "pk": 70, "fields": {"title": "Big Bully (1996)", "genre": "Comedy|Thriller", "movie_logo": "Big Bully (1996).jpg"}}, {"model": "web.movie", "pk": 71, "fields": {"title": "Screamers (1995)", "genre": "Sci-Fi|Thriller", "movie_logo": "Screamers (1995).jpg"}}, {"model": "web.movie", "pk": 72, "fields": {"title": "Nico Icon (1995)", "genre": "Documentary|Biography|Music", "movie_logo": "Nico Icon (1995).jpg"}}, {"model": "web.movie", "pk": 73, "fields": {"title": "The Crossing Guard (1995)", "genre": "Drama|Thriller", "movie_logo": "The Crossing Guard (1995).jpg"}}, {"model": "web.movie", "pk": 74, "fields": {"title": "The Juror (1996)", "genre": "Drama|Thriller", "movie_logo": "The Juror (1996).jpg"}}, {"model": "web.movie", "pk": 75, "fields": {"title": "The White Balloon (1995)", "genre": "Drama|Family", "movie_logo": "The White Balloon (1995).jpg"}}, {"model": "web.movie", "pk": 76, "fields": {"title": "Things to Do in Denver When You're Dead (1995)", "genre": "Crime|Drama", "movie_logo": "Things to Do in Denver When You're Dead (1995).jpg"}}, {"model": "web.movie", "pk": 77, "fields": {"title": "Antonia's Line (1995)", "genre": "Comedy|Drama", "movie_logo": "Antonia's Line (1995).jpg"}}, {"model": "web.movie", "pk": 78, "fields": {"title": "Once Upon a Time... When We Were Colored (1995)", "genre": "Drama|Romance", "movie_logo": "Once Upon a Time... When We Were Colored (1995).jpg"}}, {"model": "web.movie", "pk": 79, "fields": {"title": "Last Summer in the Hamptons (1995)", "genre": "Comedy|Drama", "movie_logo": "Last Summer in the Hamptons (1995).jpg"}}, {"model": "web.movie", "pk": 80, "fields": {"title": "Angels and Insects (1995)", "genre": "Drama|Romance", "movie_logo": "Angels and Insects (1995).jpg"}}, {"model": "web.movie", "pk": 81, "fields": {"title": "White Squall (1996)", "genre": "Adventure|Drama", "movie_logo": "White Squall (1996).jpg"}}, {"model": "web.movie", "pk": 82, "fields": {"title": "Dunston Checks In (1996)", "genre": "Comedy|Adventure|Family", "movie_logo": "Dunston Checks In (1996).jpg"}}, {"model": "web.movie", "pk": 83, "fields": {"title": "Black Sheep (1996)", "genre": "Comedy", "movie_logo": "Black Sheep (1996).jpg"}}, {"model": "web.movie", "pk": 84, "fields": {"title": "Nick of Time (1995)", "genre": "Action|Crime|Drama", "movie_logo": "Nick of Time (1995).jpg"}}, {"model": "web.movie", "pk": 85, "fields": {"title": "The Journey of August King (1995)", "genre": "Drama", "movie_logo": "The Journey of August King (1995).jpg"}}, {"model": "web.movie", "pk": 86, "fields": {"title": "Mary Reilly (1996)", "genre": "Drama|Horror|Romance", "movie_logo": "Mary Reilly (1996).jpg"}}, {"model": "web.movie", "pk": 87, "fields": {"title": "Vampire in Brooklyn (1995)", "genre": "Comedy|Fantasy|Horror", "movie_logo": "Vampire in Brooklyn (1995).jpg"}}, {"model": "web.movie", "pk": 88, "fields": {"title": "Beautiful Girls (1996)", "genre": "Comedy|Drama|Romance", "movie_logo": "Beautiful Girls (1996).jpg"}}, {"model": "web.movie", "pk": 89, "fields": {"title": "Broken Arrow (1996)", "genre": "Action|Crime|Thriller", "movie_logo": "Broken Arrow (1996).jpg"}}, {"model": "web.movie", "pk": 90, "fields": {"title": "A Midwinter's Tale (1995)", "genre": "Comedy", "movie_logo": "A Midwinter's Tale (1995).jpg"}}, {"model": "web.movie", "pk": 91, "fields": {"title": "La Haine (1995)", "genre": "Crime|Drama", "movie_logo": "La Haine (1995).jpg"}}, {"model": "web.movie", "pk": 92, "fields": {"title": "Shopping (1994)", "genre": "Action|Crime|Drama", "movie_logo": "Shopping (1994).jpg"}}, {"model": "web.movie", "pk": 93, "fields": {"title": "Heidi Fleiss: Hollywood Madam (1995)", "genre": "Documentary|Biography", "movie_logo": "Heidi Fleiss: Hollywood Madam (1995).jpg"}}, {"model": "web.movie", "pk": 94, "fields": {"title": "City Hall (1996)", "genre": "Drama", "movie_logo": "City Hall (1996).jpg"}}, {"model": "web.movie", "pk": 95, "fields": {"title": "Bottle Rocket (1996)", "genre": "Comedy|Crime|Drama", "movie_logo": "Bottle Rocket (1996).jpg"}}, {"model": "web.movie", "pk": 96, "fields": {"title": "Mr. Wrong (1996)", "genre": "Comedy", "movie_logo": "Mr. Wrong (1996).jpg"}}, {"model": "web.movie", "pk": 97, "fields": {"title": "Unforgettable (1996)", "genre": "Drama|Mystery|Sci-Fi", "movie_logo": "Unforgettable (1996).jpg"}}, {"model": "web.movie", "pk": 98, "fields": {"title": "Happy Gilmore (1996)", "genre": "Comedy|Family|Sport", "movie_logo": "Happy Gilmore (1996).jpg"}}, {"model": "web.movie", "pk": 99, "fields": {"title": "The Bridges of Madison County (1995)", "genre": "Drama|Romance", "movie_logo": "The Bridges of Madison County (1995).jpg"}}, {"model": "web.movie", "pk": 100, "fields": {"title": "Nobody Loves Me (1994)", "genre": "Comedy|Drama", "movie_logo": "Nobody Loves Me (1994).jpg"}}, {"model": "web.movie", "pk": 101, "fields": {"title": "Muppet Treasure Island (1996)", "genre": "Action|Adventure|Comedy", "movie_logo": "Muppet Treasure Island (1996).jpg"}}, {"model": "web.movie", "pk": 102, "fields": {"title": "Catwalk (1995)", "genre": "Documentary", "movie_logo": "Catwalk (1995).jpg"}}, {"model": "web.movie", "pk": 103, "fields": {"title": "Headless Body in Topless Bar (1995)", "genre": "Comedy|Crime|Drama", "movie_logo": "Headless Body in Topless Bar (1995).jpg"}}, {"model": "web.movie", "pk": 104, "fields": {"title": "Braveheart (1995)", "genre": "Biography|Drama|History", "movie_logo": "Braveheart (1995).jpg"}}, {"model": "web.movie", "pk": 105, "fields": {"title": "Rumble in the Bronx (1995)", "genre": "Action|Comedy|Crime", "movie_logo": "Rumble in the Bronx (1995).jpg"}}, {"model": "web.movie", "pk": 106, "fields": {"title": "Before and After (1996)", "genre": "Crime|Drama|Mystery", "movie_logo": "Before and After (1996).jpg"}}, {"model": "web.movie", "pk": 107, "fields": {"title": "Margaret's Museum (1995)", "genre": "Drama", "movie_logo": "Margaret's Museum (1995).jpg"}}, {"model": "web.movie", "pk": 108, "fields": {"title": "Happiness Is in the Field (1995)", "genre": "Comedy", "movie_logo": "Happiness Is in the Field (1995).jpg"}}, {"model": "web.movie", "pk": 109, "fields": {"title": "Anne Frank Remembered (1995)", "genre": "Documentary|Biography|War", "movie_logo": "Anne Frank Remembered (1995).jpg"}}, {"model": "web.movie", "pk": 110, "fields": {"title": "The Young Poisoner's Handbook (1995)", "genre": "Crime|Drama", "movie_logo": "The Young Poisoner's Handbook (1995).jpg"}}, {"model": "web.movie", "pk": 111, "fields": {"title": "If Lucy Fell (1996)", "genre": "Comedy|Romance", "movie_logo": "If Lucy Fell (1996).jpg"}}, {"model": "web.movie", "pk": 112, "fields": {"title": "Steal Big Steal Little (1995)", "genre": "Comedy", "movie_logo": "Steal Big Steal Little (1995).jpg"}}, {"model": "web.movie", "pk": 113, "fields": {"title": "Race the Sun (1996)", "genre": "Adventure|Comedy|Drama", "movie_logo": "Race the Sun (1996).jpg"}}, {"model": "web.movie", "pk": 114, "fields": {"title": "The Boys of St. Vincent (1992)", "genre": "Drama", "movie_logo": "The Boys of St. Vincent (1992).jpg"}}, {"model": "web.movie", "pk": 115, "fields": {"title": "Boomerang (1992)", "genre": "Comedy|Drama|Romance", "movie_logo": "Boomerang (1992).jpg"}}, {"model": "web.movie", "pk": 116, "fields": {"title": "Chungking Express (1994)", "genre": "Comedy|Drama|Romance", "movie_logo": "Chungking Express (1994).jpg"}}, {"model": "web.movie", "pk": 117, "fields": {"title": "The Star Maker (1995)", "genre": "Drama|Romance", "movie_logo": "The Star Maker (1995).jpg"}}, {"model": "web.movie", "pk": 118, "fields": {"title": "Flirting with Disaster (1996)", "genre": "Comedy", "movie_logo": "Flirting with Disaster (1996).jpg"}}, {"model": "web.movie", "pk": 119, "fields": {"title": "The Neverending Story III (1994)", "genre": "Adventure|Comedy|Family", "movie_logo": "The Neverending Story III (1994).jpg"}}, {"model": "web.movie", "pk": 120, "fields": {"title": "The Silences of the Palace (1994)", "genre": "Drama", "movie_logo": "The Silences of the Palace (1994).jpg"}}, {"model": "web.movie", "pk": 121, "fields": {"title": "Jupiter's Wife (1995)", "genre": "Documentary|Biography|Mystery", "movie_logo": "Jupiter's Wife (1995).jpg"}}, {"model": "web.movie", "pk": 122, "fields": {"title": "Pie in the Sky (1996)", "genre": "Comedy|Romance", "movie_logo": "Pie in the Sky (1996).jpg"}}, {"model": "web.movie", "pk": 123, "fields": {"title": "Angela (1995)", "genre": "Drama", "movie_logo": "Angela (1995).jpg"}}, {"model": "web.movie", "pk": 124, "fields": {"title": "Frankie Starlight (1995)", "genre": "Drama|Romance|War", "movie_logo": "Frankie Starlight (1995).jpg"}}, {"model": "web.movie", "pk": 125, "fields": {"title": "Jade (1995)", "genre": "Crime|Drama|Thriller", "movie_logo": "Jade (1995).jpg"}}, {"model": "web.movie", "pk": 126, "fields": {"title": "Sonic Outlaws (1995)", "genre": "Documentary", "movie_logo": "Sonic Outlaws (1995).jpg"}}, {"model": "web.movie", "pk": 127, "fields": {"title": "Down Periscope (1996)", "genre": "Comedy", "movie_logo": "Down Periscope (1996).jpg"}}, {"model": "web.movie", "pk": 128, "fields": {"title": "From the Journals of Jean Seberg (1995)", "genre": "Documentary|Biography", "movie_logo": "From the Journals of Jean Seberg (1995).jpg"}}, {"model": "web.movie", "pk": 129, "fields": {"title": "Man of the Year (1995)", "genre": "Comedy|Romance", "movie_logo": "Man of the Year (1995).jpg"}}, {"model": "web.movie", "pk": 130, "fields": {"title": "The Neon Bible (1995)", "genre": "Drama", "movie_logo": "The Neon Bible (1995).jpg"}}, {"model": "web.movie", "pk": 131, "fields": {"title": "Up Close & Personal (1996)", "genre": "Drama|Romance", "movie_logo": "Up Close & Personal (1996).jpg"}}, {"model": "web.movie", "pk": 132, "fields": {"title": "The Birdcage (1996)", "genre": "Comedy", "movie_logo": "The Birdcage (1996).jpg"}}, {"model": "web.movie", "pk": 133, "fields": {"title": "The Brothers McMullen (1995)", "genre": "Comedy|Drama|Romance", "movie_logo": "The Brothers McMullen (1995).jpg"}}, {"model": "web.movie", "pk": 134, "fields": {"title": "Bad Boys (1995)", "genre": "Action|Comedy|Crime", "movie_logo": "Bad Boys (1995).jpg"}}, {"model": "web.movie", "pk": 135, "fields": {"title": "The Amazing Panda Adventure (1995)", "genre": "Family|Adventure|Drama", "movie_logo": "The Amazing Panda Adventure (1995).jpg"}}, {"model": "web.movie", "pk": 136, "fields": {"title": "The Basketball Diaries (1995)", "genre": "Biography|Crime|Drama", "movie_logo": "The Basketball Diaries (1995).jpg"}}, {"model": "web.movie", "pk": 137, "fields": {"title": "An Awfully Big Adventure (1995)", "genre": "Comedy|Drama|Romance", "movie_logo": "An Awfully Big Adventure (1995).jpg"}}, {"model": "web.movie", "pk": 138, "fields": {"title": "Amateur (1994)", "genre": "Comedy|Crime|Drama", "movie_logo": "Amateur (1994).jpg"}}, {"model": "web.movie", "pk": 139, "fields": {"title": "Apollo 13 (1995)", "genre": "Adventure|Drama|History", "movie_logo": "Apollo 13 (1995).jpg"}}, {"model": "web.movie", "pk": 140, "fields": {"title": "Rob Roy (1995)", "genre": "Adventure|Biography|History", "movie_logo": "Rob Roy (1995).jpg"}}, {"model": "web.movie", "pk": 141, "fields": {"title": "The Addiction (1995)", "genre": "Horror", "movie_logo": "The Addiction (1995).jpg"}}, {"model": "web.movie", "pk": 142, "fields": {"title": "Batman Forever (1995)", "genre": "Action|Adventure|Fantasy", "movie_logo": "Batman Forever (1995).jpg"}}, {"model": "web.movie", "pk": 143, "fields": {"title": "Belle de Jour (1967)", "genre": "Drama", "movie_logo": "Belle de Jour (1967).jpg"}}, {"model": "web.movie", "pk": 144, "fields": {"title": "Beyond Rangoon (1995)", "genre": "Action|Drama", "movie_logo": "Beyond Rangoon (1995).jpg"}}, {"model": "web.movie", "pk": 145, "fields": {"title": "Canadian Bacon (1995)", "genre": "Comedy", "movie_logo": "Canadian Bacon (1995).jpg"}}, {"model": "web.movie", "pk": 146, "fields": {"title": "Casper (1995)", "genre": "Comedy|Family|Fantasy", "movie_logo": "Casper (1995).jpg"}}, {"model": "web.movie", "pk": 147, "fields": {"title": "Clockers (1995)", "genre": "Crime|Drama|Mystery", "movie_logo": "Clockers (1995).jpg"}}, {"model": "web.movie", "pk": 148, "fields": {"title": "Congo (1995)", "genre": "Action|Adventure|Mystery", "movie_logo": "Congo (1995).jpg"}}]